timestamp,ph,bod,dissolved_oxygen,fecal_coliform,temperature,tds,turbidity,total_coliform,wqi,classification,cpcb_class,mpcb_class,status,season
2024-11-13 13:09:01.373278,7.397335834528667,8.11263062144585,2.4025678548363962,159.87822753902918,37.17084270296594,827.2597388211917,15.2878327162117,1154.5040133696757,53.389258793908375,Medium to Good,B,Not Prescribed,Non Polluted,summer
2024-11-14 18:21:01.373278,8.68585731215792,6.175508334325619,3.226018224944396,1539.9930003145694,34.361238465713726,1006.7479817202717,15.49658135508922,13511.873053056186,46.5237089215101,Bad,C,A-II,Polluted,summer
2024-11-15 23:33:01.373278,8.444443723382221,28.98350806121196,1.0074937956499748,239648.40465615925,29.111915117642727,1941.160255104197,68.02449619210135,837382.3723097785,19.183241390897617,Bad to Very Bad,E,A-IV,Heavily Polluted,summer
2024-11-17 04:45:01.373278,8.125669113242001,2.15264482354932,7.131668720242,219.98664214200522,27.177029394415314,406.2113964220168,6.162908168192884,1754.3261976909719,68.64754735506,Good to Excellent,A,A-I,Non Polluted,summer
2024-11-18 09:57:01.373278,7.25531086463014,5.788430412041861,3.3844739479236945,446.4679992388985,27.548169057455745,1025.9401948299083,9.713669839829626,2349.3211353603,57.24517132877358,Medium to Good,B,Not Prescribed,Non Polluted,summer
2024-11-19 15:09:01.373278,8.228506184126875,12.34432498498475,2.0282037138126316,92351.23434696143,27.35838796664306,1188.8907306176307,31.036130551205535,600999.2385070913,28.510165641043308,Bad to Very Bad,D,A-III,Heavily Polluted,summer
2024-11-20 20:21:01.373278,8.783834997507766,19.520548827681903,1.0133775687261797,394850.86475082824,40.0,1879.6802497181054,69.33609819582135,2752899.283837583,20.049461564433418,Bad to Very Bad,E,A-IV,Heavily Polluted,summer
2024-11-22 01:33:01.373278,7.929561516600707,4.346939048489236,5.772831151037298,129.6924721836673,29.748937105936136,368.7759456906987,3.628090043943968,594.4890533858984,72.36449486178294,Good to Excellent,A,A-I,Non Polluted,summer
2024-11-23 06:45:01.373278,8.213033796616422,5.7455946938233815,3.740298447254039,1559.1513112170583,31.2202519478805,876.3545476530669,18.388386764220385,13641.845145817146,52.33953568925607,Medium to Good,B,Not Prescribed,Non Polluted,summer
2024-11-24 11:57:01.373278,7.710273691540766,2.5385699354479763,4.754111662025733,1261.51411043288,39.10635205125155,270.618989852648,1.7660620849872766,4163.338897371774,70.14283544997573,Good to Excellent,A,A-I,Non Polluted,summer
2024-11-25 17:09:01.373278,8.196736447212995,5.126069795093351,3.527777239413986,1340.6159913198542,31.621406255631022,907.4015359063628,14.372496828390924,4947.63752627505,52.15949166470353,Medium to Good,B,Not Prescribed,Non Polluted,summer
2024-11-26 22:21:01.373278,7.918066904852186,2.9811624377603856,6.385838710593901,185.82637988815685,36.8408593343711,426.01983890673114,8.249509353419212,1235.1829078583596,67.82210031370306,Good to Excellent,A,A-I,Non Polluted,summer
2024-11-28 03:33:01.373278,7.919426650719709,10.251120858986319,1.8444901011464672,44637.687820671046,40.0,2069.74322685037,41.10655561146518,200193.97557050022,34.98490666343202,Bad to Very Bad,D,A-III,Heavily Polluted,summer
2024-11-29 08:45:01.373278,7.271574195149773,3.5428498819552945,4.442486649393878,148.40369175151682,38.12595382406033,345.05181742808514,4.651391663037327,1203.436204282186,76.54364071783048,Good to Excellent,A,A-I,Non Polluted,summer
2024-11-30 13:57:01.373278,8.160600574875911,6.4158406882573855,3.509001560805503,3491.5396297593093,26.708517655198385,663.4902265152674,16.03817073124324,16811.152639207485,47.70931637694895,Bad,C,A-II,Polluted,summer
2024-12-01 19:09:01.373278,8.194929744325467,6.093654179601313,3.771158208518252,970.6109453263628,30.570291279169467,997.9122665762599,16.136316787504818,8630.985894858544,51.954050134758134,Medium to Good,B,Not Prescribed,Non Polluted,summer
2024-12-03 00:21:01.373278,8.182662568307594,14.736067650573204,1.3417126234460461,334012.57214580814,36.84319262575036,1353.7167807407482,60.05515058093429,5134916.905630415,26.209651595218627,Bad to Very Bad,D,A-III,Heavily Polluted,summer
2024-12-04 05:33:01.373278,7.329439316219804,7.840307038272726,3.2396272676451017,865.0214945689539,36.79460730904122,989.9173146959783,4.0,5616.822553416814,54.84364701719898,Medium to Good,B,Not Prescribed,Non Polluted,summer
2024-12-05 10:45:01.373278,7.084884568883489,3.2401836558928916,5.574669809709474,99.05503961686637,26.181554077696283,416.21242470263087,8.730260503665631,824.5063702592709,77.32201164735541,Good to Excellent,A,A-I,Non Polluted,summer
2024-12-06 15:57:01.373278,7.937545367816281,2.198720823931129,5.551920329830441,187.4751160314847,32.5523432642061,221.18879616895777,8.407189901325033,1251.1973912636738,73.74626512601714,Good to Excellent,A,A-I,Non Polluted,summer
2024-12-07 21:09:01.373278,7.788466328421912,3.0410363163819976,6.175692136027457,93.93493319984974,30.61071229263092,595.3380515422418,5.183555512499623,327.4824649715452,74.3472056144394,Good to Excellent,A,A-I,Non Polluted,summer
2024-12-09 02:21:01.373278,7.6308305662729214,9.992374113985212,1.4832744888672766,60468.25897368136,40.0,1769.984691199666,32.641887406195735,313043.7727642544,32.899108785931105,Bad to Very Bad,D,A-III,Heavily Polluted,summer
2024-12-10 07:33:01.373278,7.5906305502112605,4.332163096003813,3.664558860366173,711.3494734345525,37.831772175940074,461.0353075304594,13.56556821565344,2569.6836944946217,62.17702943578162,Medium to Good,B,Not Prescribed,Non Polluted,summer
2024-12-11 12:45:01.373278,8.343563626204013,4.413386747118779,3.4185004068911504,760.820910433962,39.41590345613166,989.0640305685149,16.984974927281517,7548.982114047022,55.90569492067661,Medium to Good,B,Not Prescribed,Non Polluted,summer
2024-12-12 17:57:01.373278,6.90906299875605,3.148251393412443,5.22299612064702,25.714620984175127,28.015353200730118,452.36605473741315,7.17828337241574,118.36906462417879,79.35221140850628,Good to Excellent,A,A-I,Non Polluted,summer
2024-12-13 23:09:01.373278,7.405561171859177,7.49053348428872,3.0075738478432545,2108.748062572954,37.301841806413464,1307.5182369929928,45.31674895699807,21521.655058250184,52.60680164019593,Medium to Good,B,Not Prescribed,Non Polluted,summer
2024-12-15 04:21:01.373278,7.7806263551701935,3.71188770891518,3.323643957288569,3686.2815145406507,21.685269192726967,849.885843043817,20.54518179189168,18210.41202901516,51.00563442810403,Medium to Good,B,Not Prescribed,Non Polluted,summer
2024-12-16 09:33:01.373278,7.218331609641125,18.557484317959137,1.1504346919467605,786109.0015251731,30.937272873223186,1680.0626385789183,62.126470556965025,6489399.8342978,29.813522289285856,Bad to Very Bad,D,A-III,Heavily Polluted,summer
2024-12-17 14:45:01.373278,8.364258803207456,4.262471826343373,3.339946614467813,16636.834302639163,31.140577200907526,841.495204915934,13.732276637529445,74413.42938396875,48.36965211879995,Bad,C,A-II,Polluted,summer
2024-12-18 19:57:01.373278,8.034024349880609,3.1798777029437577,5.599673778891729,73.54798050516243,29.364673847251915,461.62208624138236,7.429923291012194,624.9291340073797,75.42360578640452,Good to Excellent,A,A-I,Non Polluted,summer
2024-12-20 01:09:01.373278,7.136233989217964,3.187509099717337,4.61249166940914,48.61161783666142,35.058758571826644,328.5971278036732,4.229217352253537,183.54197253272125,79.0349687659089,Good to Excellent,A,A-I,Non Polluted,summer
2024-12-21 06:21:01.373278,8.348894931403956,3.3334387914618016,5.14109183271372,55.025932680511204,27.78263374788633,352.29815406562807,7.931732674328153,509.8731976216366,71.36844561241385,Good to Excellent,A,A-I,Non Polluted,summer
2024-12-22 11:33:01.373278,8.13537519616198,13.475175867257406,2.0294558388758888,8205.030259882244,37.50386808439484,1322.4871508569945,27.9508695289779,70495.63605853516,35.06266586590986,Bad to Very Bad,D,A-III,Heavily Polluted,summer
2024-12-23 16:45:01.373278,7.111302147296228,14.977204086407456,1.7501444763197505,4199.607542816596,36.06660936391626,1444.9247707649718,42.700735862766415,31796.7585495287,36.21767736628025,Bad to Very Bad,D,A-III,Heavily Polluted,summer
2024-12-24 21:57:01.373278,7.3487553679210755,3.0456614498811523,4.6473693989837015,42.3631423500445,27.147584819407484,332.53337444425495,10.57316471334416,147.08069517302695,75.73269271582055,Good to Excellent,A,A-I,Non Polluted,summer
2024-12-26 03:09:01.373278,8.143146716554686,2.7188036943121214,4.948714019470831,347.73521299652856,36.51504324779855,465.14330956866746,9.254733157562303,1550.893207422658,70.29522649563668,Good to Excellent,A,A-I,Non Polluted,summer
2024-12-27 08:21:01.373278,8.335411891736113,2.02804811808694,5.382045204552868,114.32778889841202,31.074545276878453,457.11716311677355,3.519834648846764,1030.725744392239,73.5494314714154,Good to Excellent,A,A-I,Non Polluted,summer
2024-12-28 13:33:01.373278,6.150729749681754,34.293132584814074,0.8103316120548387,1236100.6985191838,38.18245814701173,1953.6350735382707,61.20658458578501,5993719.881366364,18.446502098165748,Bad to Very Bad,E,A-IV,Heavily Polluted,summer
2024-12-29 18:45:01.373278,7.859188629558778,2.9570915944362106,4.272685028539953,27.996675944472788,27.057075279143884,622.2892119326085,10.926555836022608,114.54909042116407,71.45587316954868,Good to Excellent,A,A-I,Non Polluted,summer
2024-12-30 23:57:01.373278,7.709577118496516,2.7982077769022875,3.42806840469825,415.1618897581598,40.0,346.9822850106264,6.334323243150797,2826.4318047499137,64.58970935356137,Good to Excellent,A,A-I,Non Polluted,summer
2025-01-01 05:09:01.373278,7.48190437005401,3.7115449532579174,3.735486367307114,222.96032776265733,36.24717622706546,420.27695796061414,8.286135653973545,1096.795825992397,67.11516891723878,Good to Excellent,A,A-I,Non Polluted,summer
2025-01-02 10:21:01.373278,8.358564960578056,3.923353634088975,3.905440999840274,998.3299648721872,20.218001826593582,604.0990358230179,13.245602982564854,4546.923674684488,50.53050621205406,Medium to Good,B,Not Prescribed,Non Polluted,summer
2025-01-03 15:33:01.373278,7.32589399221124,10.545763038082068,2.6374579070366324,2370.9640848993467,21.45390092466527,1287.5680462983178,23.418345855373158,11351.391520650479,41.92194911628781,Bad,C,A-II,Polluted,summer
2025-01-04 20:45:01.373278,8.094060275012788,15.627921513737737,1.7832481298799687,103251.46746058697,39.79086210670078,847.8744814229456,38.60329567943573,784930.1363072761,28.915022807155548,Bad to Very Bad,D,A-III,Heavily Polluted,summer
2025-01-06 01:57:01.373278,7.351030301603826,3.3362487793252233,3.4165436847843473,16.821334164840433,36.43449970551069,439.1127265868719,6.773465311743021,67.0148374506878,74.57396568569325,Good to Excellent,A,A-I,Non Polluted,summer
2025-01-07 07:09:01.373278,8.121914817291062,6.566363470472571,3.1985464026947517,729.4567540589485,29.631760615141847,1018.6386218850909,21.808764891207147,3709.333327819388,48.582449640381,Bad,C,A-II,Polluted,summer
2025-01-08 12:21:01.373278,7.550130812876695,2.9029865351849633,5.836600756603715,63.46050205317392,23.96043491178012,522.7303268820812,10.089377894325098,362.30151604958945,78.87146743398593,Good to Excellent,A,A-I,Non Polluted,summer
2025-01-09 17:33:01.373278,6.896677304864981,25.81449738804889,0.9669639597529045,519567.38644098665,33.376986417142156,1595.9415974210103,50.223858241629266,3019123.9842527313,25.222811593518486,Bad to Very Bad,D,A-III,Heavily Polluted,summer
2025-01-10 22:45:01.373278,7.8898044964657,3.636335926855091,4.7800003211837705,575.084179895915,26.161281566997815,460.6976130946356,2.6808344656061966,2138.903744625191,63.29930795861454,Good to Excellent,A,A-I,Non Polluted,summer
2025-01-12 03:57:01.373278,8.274409172179183,3.4988185526855937,4.331112968939177,64.17224327224719,33.197037377711915,508.2693383501415,9.003158765365393,471.2997382960982,68.79391204063569,Good to Excellent,A,A-I,Non Polluted,summer
2025-01-13 09:09:01.373278,6.9441074682564,5.938362352458512,3.1596981185653568,221.94549376155976,32.54977762038988,767.470292836437,17.72604882587918,1343.9805700889945,57.52040176738676,Medium to Good,B,Not Prescribed,Non Polluted,summer
2025-01-14 14:21:01.373278,7.8446842121302,2.209741081947013,3.6478853581946407,76.16423362819992,39.38015457844389,519.7872431706729,8.654385008535579,444.9844415175734,71.34140452724893,Good to Excellent,A,A-I,Non Polluted,summer
2025-01-15 19:33:01.373278,8.5,3.0249534405350604,6.047188732468353,261.71095317800274,38.50566653858245,573.9082742253,5.661373938031047,1210.6784852152505,63.347474046514236,Good to Excellent,A,A-I,Non Polluted,summer
2025-01-17 00:45:01.373278,7.909882756740931,5.530760273693735,3.3291667975360713,6169.562355503249,29.006941509002313,792.6080402018359,17.19724401410631,19822.694014098233,49.70403466357298,Bad,C,A-II,Polluted,summer
2025-01-18 05:57:01.373278,6.6015965031919075,11.25961707190318,2.2512673812450035,111727.32390510771,28.79870281157163,1061.2404835980774,35.24187042173868,914835.4808810635,30.805547370435754,Bad to Very Bad,D,A-III,Heavily Polluted,summer
2025-01-19 11:09:01.373278,7.527514898506436,3.666749528538328,4.181585383267662,373.51088073485965,39.547535064323434,1060.405978977469,13.914730809210333,1973.956673212797,70.65864272358957,Good to Excellent,A,A-I,Non Polluted,summer
2025-01-20 16:21:01.373278,7.653227125416206,5.624424050890156,3.654361029789334,503.088693464931,38.09076701660771,925.2889575469185,15.138419373136545,3907.8104895533147,61.23845494575103,Medium to Good,B,Not Prescribed,Non Polluted,summer
2025-01-21 21:33:01.373278,7.657557508450657,4.769718497806918,3.9077898318655264,1085.0124902632663,34.40678482497327,1133.5946983104204,15.97022112120171,10452.046621406529,60.34930779050363,Medium to Good,B,Not Prescribed,Non Polluted,summer
2025-01-23 02:45:01.373278,7.864793698487851,5.464106837721856,3.482961814633124,1271.700422253158,34.185896826875556,677.774952267528,10.638638466220133,8844.590071239365,54.78683797734689,Medium to Good,B,Not Prescribed,Non Polluted,summer
2025-01-24 07:57:01.373278,8.19906191629063,6.644762999363364,3.4923109321439725,3203.489608934114,35.35173197805153,1006.0992494798962,13.061836714631546,18516.26065490167,50.77941258196389,Medium to Good,B,Not Prescribed,Non Polluted,summer
2025-01-25 13:09:01.373278,7.555715376623865,5.729139068548814,2.5591450289955855,198.2902604985647,40.0,743.7046223020448,17.190817666307815,967.243028988838,57.16560326017809,Medium to Good,B,Not Prescribed,Non Polluted,summer
2025-01-26 18:21:01.373278,6.8,2.6929836768529727,4.574989018550851,75.16830598915605,29.532529281356695,551.945860768196,7.846917751454445,716.9783452584585,72.3447487860773,Good to Excellent,A,A-I,Non Polluted,summer
2025-01-27 23:33:01.373278,7.66884810872437,2.1603761723126995,3.723123221441368,23.231785284383342,35.34898208454762,451.6216191364443,6.079672704887985,180.61639114408692,74.69357377681393,Good to Excellent,A,A-I,Non Polluted,summer
2025-01-29 04:45:01.373278,8.755860787721373,4.762515690828231,4.710791302135576,2614.809385396315,32.51620008071731,1138.3658927727865,22.35012153076578,16156.664915984456,56.86261540968745,Medium to Good,B,Not Prescribed,Non Polluted,summer
2025-01-30 09:57:01.373278,8.149601359621071,6.186669634580064,3.0695002058064924,1697.939552615246,30.14917528211948,722.5267250270864,14.177458880989175,10158.956189428776,47.198318037073705,Bad,C,A-II,Polluted,summer
2025-01-31 15:09:01.373278,7.692879330675362,9.106857926154886,1.7425805386109259,2414.6246087070454,31.732247113048388,1338.0858256153,33.91091320906421,14834.326494225988,36.69120877570272,Bad to Very Bad,D,A-III,Heavily Polluted,summer
2025-02-01 20:21:01.373278,7.879962416366015,3.3182711118534907,3.7883877143641342,94.81683782855637,29.63459097978159,337.78530997244746,4.900238668973307,758.1274936146771,64.93945256323794,Good to Excellent,A,A-I,Non Polluted,summer
2025-02-03 01:33:01.373278,7.139658718127469,3.5244560416589694,4.826572105379421,73.74252610023012,31.149141315108547,519.7415903129101,6.508421041751571,367.40612697391134,76.3572600268967,Good to Excellent,A,A-I,Non Polluted,summer
2025-02-04 06:45:01.373278,7.311358063044698,2.6288220295519684,4.656898519763657,646.0026173625162,38.541915143946866,444.3492793585741,6.802867520321437,4649.313537923787,73.87385340112786,Good to Excellent,A,A-I,Non Polluted,summer
2025-02-05 11:57:01.373278,7.96787132921805,1.6238027865776032,4.69647958163781,158.91982068547034,26.83173981915528,315.23614135843303,5.100370112684052,955.3238849328566,69.43346193033426,Good to Excellent,A,A-I,Non Polluted,summer
2025-02-06 17:09:01.373278,7.577541875064275,12.13263871849952,1.976444964442399,10112.447343334114,31.337559647700758,1019.5172469192514,43.1947696158866,30821.222936934362,35.23878988252486,Bad to Very Bad,D,A-III,Heavily Polluted,summer
2025-02-07 22:21:01.373278,7.206484835999363,6.005708689842765,2.6757015240301625,1463.515472006967,33.89352370464631,752.8419446954504,25.746437501202536,16220.251484406219,51.74821579434929,Medium to Good,B,Not Prescribed,Non Polluted,summer
2025-02-09 03:33:01.373278,8.120702931327534,7.174917857521164,2.0899965072248468,2652.616508345909,26.224898731376978,1523.2765370777033,43.284520542219276,9832.636748833002,36.96223235108822,Bad to Very Bad,D,A-III,Heavily Polluted,summer
2025-02-10 08:45:01.373278,7.636677688216846,4.992973953545096,4.385326926581606,16282.806261702408,35.25339742925238,964.5297614276585,17.8734813991819,106972.85174976628,61.55020223306942,Medium to Good,B,Not Prescribed,Non Polluted,summer
2025-02-11 13:57:01.373278,7.05127193313393,11.535591159573627,1.9628241778440634,100974.89719494464,28.775804829162368,868.7661307942454,31.013884588470006,587568.2858289287,33.00636542321626,Bad to Very Bad,D,A-III,Heavily Polluted,summer
2025-02-12 19:09:01.373278,6.4828835271297205,20.615400539342076,1.032020753382666,69602.36635848704,34.428025245162985,1590.5177553474732,65.12532108746998,377840.3300915451,24.510035527242763,Bad to Very Bad,E,A-IV,Heavily Polluted,summer
2025-02-14 00:21:01.373278,7.153551903181608,7.5222947555723225,2.728363682731269,2593.5657750942282,30.12448082783056,611.039345826253,14.512403811389607,16447.23789225998,47.891005423422364,Bad,C,A-II,Polluted,summer
2025-02-15 05:33:01.373278,7.7458876030591055,16.35540823433003,2.6268325956973015,3295.1946396779094,25.05967770306078,1075.3281039929743,27.806431231615846,30336.350565668166,38.31233537440992,Bad,C,A-II,Polluted,summer
2025-02-16 10:45:01.373278,8.030180975333367,5.095966912493083,3.0359638130486664,8132.412800426893,40.0,935.0654584635585,5.862875263810405,47645.023396692304,51.95435809139735,Medium to Good,B,Not Prescribed,Non Polluted,summer
2025-02-17 15:57:01.373278,8.497798503633078,27.623161579280374,1.3481941394197157,197882.18671968227,28.20778811779808,1681.2780356046394,65.18271719304765,460341.52098458813,20.316951941493066,Bad to Very Bad,E,A-IV,Heavily Polluted,summer
2025-02-18 21:09:01.373278,7.290469559007628,14.36770789950294,2.0363451805588495,175419.36898952635,33.40359735381077,959.9657967231559,40.17496371917422,1874704.4234099383,34.67187138686306,Bad to Very Bad,D,A-III,Heavily Polluted,summer
2025-02-20 02:21:01.373278,8.319906675893165,22.561692040947964,0.560087195974021,26042.52332628865,40.0,1790.938109375794,60.060349092579585,73460.23536364261,22.057419125843833,Bad to Very Bad,E,A-IV,Heavily Polluted,summer
2025-02-21 07:33:01.373278,7.591546475697149,7.631180431745004,3.0123768936102326,11090.723417107758,34.99351533499487,1107.6655131101313,22.830476174936205,35575.42428557414,48.65607317400394,Bad,C,A-II,Polluted,summer
2025-02-22 12:45:01.373278,7.5609618342405005,13.19853649559531,1.5185361264318085,1295.729894530317,40.0,1532.0367383456503,25.695206519591565,4968.215607765567,36.36731564254353,Bad to Very Bad,D,A-III,Heavily Polluted,summer
2025-02-23 17:57:01.373278,6.586200383534825,6.674576524025004,3.1535379760112905,613.7644599427549,34.639000079817805,764.5786635089785,18.686097664214053,1939.5993693687187,51.44140201347333,Medium to Good,B,Not Prescribed,Non Polluted,summer
2025-02-24 23:09:01.373278,7.6163481667403055,2.0563497565851065,4.376591670884525,221.79367514505745,30.665032024245185,515.6918887646094,11.192802647986797,1334.7881690259314,69.96209171212428,Good to Excellent,A,A-I,Non Polluted,summer
2025-02-26 04:21:01.373278,8.247132756546064,3.432436342977641,3.9796444896122316,141.57725633279324,38.021235431722616,339.11897269645124,4.421345402243852,847.6344248450057,66.80236689929599,Good to Excellent,A,A-I,Non Polluted,summer
2025-02-27 09:33:01.373278,7.61948236969987,9.989583734070813,2.350518649708825,23097.857697879463,36.86396968658322,1311.7454816780653,25.878422417951054,88032.00493990416,40.5153026096649,Bad,C,A-II,Polluted,summer
2025-02-28 14:45:01.373278,7.286803303128752,3.2085152964160266,6.323969510510125,204.6342141692718,28.871870595939896,435.1597882949133,4.447876338215215,1736.962503243268,75.16922583450473,Good to Excellent,A,A-I,Non Polluted,summer
2025-03-01 19:57:01.373278,7.989538527748726,4.343392343568274,4.002038163684575,18787.017109380933,36.13489928624509,791.6517539228727,15.233817187161032,73361.31781744106,57.69394434304608,Medium to Good,B,Not Prescribed,Non Polluted,summer
2025-03-03 01:09:01.373278,7.345706461289196,3.1514389239912295,4.107137215085921,15.166165226330541,32.798529637135644,405.98926952130284,5.3576599671256115,142.6714581254724,78.25104048404938,Good to Excellent,A,A-I,Non Polluted,summer
2025-03-04 06:21:01.373278,7.765897610765614,2.4058949768577294,4.862398193223515,695.8935492315887,32.91411788276028,286.06572064801287,3.950296857975395,4949.912975372549,69.39497418339884,Good to Excellent,A,A-I,Non Polluted,summer
2025-03-05 11:33:01.373278,6.924807590764588,6.99482355629714,2.6615753163377405,28478.181174577512,34.987426156539925,1503.5021820276681,34.47751430662084,111288.47143521279,45.856904765606174,Bad,C,A-II,Polluted,summer
2025-03-06 16:45:01.373278,8.059680979652766,17.589650465215453,1.939492716588586,3683.1419398503886,26.820597937652185,1256.648255932567,36.62078819580859,26790.714330486662,31.053778430224003,Bad to Very Bad,D,A-III,Heavily Polluted,summer
2025-03-07 21:57:01.373278,7.969585212216163,6.522695612355387,2.4262581541075146,250.88125193895627,31.16151143847822,829.6390356943283,18.578549873074362,1293.4405768465288,48.49228618593149,Bad,C,A-II,Polluted,summer
2025-03-09 03:09:01.373278,8.155907810709987,2.8072983605737907,4.282398066648278,37.56809083545137,36.53848813368246,421.76557278714023,7.76743180145039,231.03717359204956,73.87076617859562,Good to Excellent,A,A-I,Non Polluted,summer
2025-03-10 08:21:01.373278,6.74007507361808,4.381900878771868,3.1038951609745586,738.0304265010817,30.495658525820495,953.337905317475,21.293929409535597,4010.8141237356645,53.03636804568536,Medium to Good,B,Not Prescribed,Non Polluted,summer
2025-03-11 13:33:01.373278,7.624359569337628,4.903479531131256,3.9904270288991346,1509.4073123916273,37.57990173493795,980.4600765688618,7.291527795723795,12224.612973452775,62.50271509630198,Medium to Good,B,Not Prescribed,Non Polluted,summer
2025-03-12 18:45:01.373278,8.203640012356042,2.7371310436170497,5.342802623611315,99.79602995316503,33.49598393496457,290.0027872265422,4.30150288486697,638.6707948416033,73.73858655522562,Good to Excellent,A,A-I,Non Polluted,summer
2025-03-13 23:57:01.373278,8.002727312080266,3.015857343720296,3.6031031340940136,133.3615598606927,38.02849615581668,583.7910183429818,5.866584135348171,523.6589300271354,66.27943518025002,Good to Excellent,A,A-I,Non Polluted,summer
2025-03-15 05:09:01.373278,8.170181799777389,5.418844284253999,3.4066028880865384,3580.1905505931018,28.505265791084085,905.7791984464542,21.73335346821731,14221.281661185369,48.96639022402345,Bad,C,A-II,Polluted,summer
2025-03-16 10:21:01.373278,7.236077934621849,2.046813498842006,4.016968361221161,82.72950593616987,33.969450430775716,323.87600642917465,9.607503771459271,668.2581647466191,74.67686619658055,Good to Excellent,A,A-I,Non Polluted,summer
2025-03-17 15:33:01.373278,8.915743046278418,7.820622268105366,3.629125785002132,164.89064450871385,33.22369031415424,750.9737014245295,11.402851107796305,768.3194731471826,50.91043204178341,Medium to Good,B,Not Prescribed,Non Polluted,summer
2025-03-18 20:45:01.373278,7.3205427480577425,2.571056491770251,4.381974600896512,78.19557578115804,40.0,357.0440879603246,7.381762022788951,310.0105532242634,80.45066728185179,Good to Excellent,A,A-I,Non Polluted,summer
2025-03-20 01:57:01.373278,7.926375112629436,6.264906084333118,3.8892354976097634,1828.6332462303226,31.868150639843506,869.3630216633412,15.946328590640102,11878.78909437719,54.68884941532882,Medium to Good,B,Not Prescribed,Non Polluted,summer
2025-03-21 07:09:01.373278,7.625652649031919,3.14476042515932,4.677230588784709,141.78571792630365,29.211607814405102,384.7920214349857,5.392707030898416,1222.101722116464,71.1117662512384,Good to Excellent,A,A-I,Non Polluted,summer
2025-03-22 12:21:01.373278,7.573097417668703,27.40280469098735,1.3168022269194413,20406.453321888486,35.99815724243011,1919.5423839559896,100.31790399371133,120808.32941625755,28.995240229206658,Bad to Very Bad,D,A-III,Heavily Polluted,summer
2025-03-23 17:33:01.373278,8.097582291575533,5.768424142107173,2.4009174639154045,683.239432403273,35.45000253525454,797.2630453427003,7.618974740641544,3371.801139547292,46.59176407041545,Bad,C,A-II,Polluted,summer
2025-03-24 22:45:01.373278,7.213065480819596,3.0790906395580313,4.850779632429592,211.8253402947389,40.0,336.7644480744788,6.213667332728936,1871.9362929246374,76.08197249701792,Good to Excellent,A,A-I,Non Polluted,summer
2025-03-26 03:57:01.373278,7.407978277479953,4.6377382012565835,3.966555514790091,10541.388191134814,22.93884433831648,1014.8314265908663,21.484235699680923,52544.48841699382,55.35839962208449,Medium to Good,B,Not Prescribed,Non Polluted,summer
2025-03-27 09:09:01.373278,7.081295639143558,8.253474665670378,1.7759162857051844,41284.624549757755,33.524113113598084,1082.5904425894378,44.185638277251925,326010.44666581816,37.096499432591706,Bad to Very Bad,D,A-III,Heavily Polluted,summer
2025-03-28 14:21:01.373278,7.614040501591242,13.328010710792038,1.5236099400444414,7267.232167802727,33.19609366739228,1392.1592826443323,30.938657206322347,93252.88497701322,33.51450169001455,Bad to Very Bad,D,A-III,Heavily Polluted,summer
2025-03-29 19:33:01.373278,7.481673558073269,12.164605858844846,1.9134712666282074,2064.3732327595167,31.325862858329664,1470.567761094949,30.436122514871382,22923.37299024304,37.11796048238072,Bad to Very Bad,D,A-III,Heavily Polluted,summer
2025-03-31 00:45:01.373278,7.469842223673821,2.712570015877704,5.747792820160916,98.33350718090117,25.454607892391458,471.8098997535495,5.920002231306082,337.5500826860801,78.54086850911494,Good to Excellent,A,A-I,Non Polluted,summer
2025-04-01 05:57:01.373278,7.154175730550646,4.709222589494802,4.5973282755969205,1848.217373997489,25.116483984268235,641.6509802464443,18.865280642295374,9683.506003336202,61.79151212506348,Medium to Good,B,Not Prescribed,Non Polluted,summer
2025-04-02 11:09:01.373278,8.572015825825737,11.638349203452783,1.2833542286942183,33624.09246407113,40.0,1499.1714493518164,45.083435193786066,177854.05145106398,25.966121314283853,Bad to Very Bad,D,A-III,Heavily Polluted,summer
2025-04-03 16:21:01.373278,7.289070660036211,6.876069600871504,2.411295775584349,3732.7323023136664,30.68473649009943,1109.6420740080323,21.189006051939366,40596.106369146124,47.145792792205484,Bad,C,A-II,Polluted,summer
2025-04-04 21:33:01.373278,7.929056739689691,14.525106030165853,1.7061220674862256,17618.814032727823,38.43309353047343,1824.1473301083468,33.86672641838234,177292.92613693787,31.774693805802265,Bad to Very Bad,D,A-III,Heavily Polluted,summer
2025-04-06 02:45:01.373278,7.68266208990911,2.0329809348376835,4.804044385273277,539.8955539983331,31.363738806132027,606.9814553906983,8.844252619178764,2507.788471066437,69.92267675161278,Good to Excellent,A,A-I,Non Polluted,summer
2025-04-07 07:57:01.373278,7.874337314390568,2.449675982198985,4.4180975681749155,514.9004966931914,31.175431072958954,519.1515214976872,3.7459196211258825,3958.500085800538,65.56611426477497,Good to Excellent,A,A-I,Non Polluted,summer
2025-04-08 13:09:01.373278,8.89083079935179,12.964488561279028,1.495663282169165,131497.06927222465,38.926600514861086,1613.3119853360045,30.440816644703155,1149134.155092102,22.896448151485046,Bad to Very Bad,E,A-IV,Heavily Polluted,summer
2025-04-09 18:21:01.373278,7.905814411862365,6.583279210576685,3.078214694456784,1508.3047926262852,33.38798322885013,1121.6386280781264,19.517863315740478,6992.142028351254,49.672404656514615,Bad,C,A-II,Polluted,summer
2025-04-10 23:33:01.373278,7.564547876605846,2.4427299780099503,5.6730541126672245,243.04084598123126,32.53917866837065,368.4880615320426,6.638339586071966,1048.4209589213451,74.59531131868755,Good to Excellent,A,A-I,Non Polluted,summer
2025-04-12 04:45:01.373278,7.393960139313237,2.268773339538381,3.3849759136566617,309.2425176401226,33.69202802469818,464.3095825474962,9.0303977759059,951.9960283005441,64.76272000993659,Good to Excellent,A,A-I,Non Polluted,summer
2025-04-13 09:57:01.373278,6.708621474486989,14.15269574955727,1.9144468061357578,2778.378506434462,32.68478923206944,1323.1808521958574,28.54329552209935,11605.510313407589,34.015942153957106,Bad to Very Bad,D,A-III,Heavily Polluted,summer
2025-04-14 15:09:01.373278,6.8,2.6451754659648374,4.135907282511586,151.08431032244073,33.35953830672173,486.5783862156852,1.5,1404.489151755826,69.22462529962273,Good to Excellent,A,A-I,Non Polluted,summer
2025-04-15 20:21:01.373278,7.872398820628578,2.814681221656107,5.685839004766512,15.357283552487333,34.477127235522204,356.0523813238116,5.027605831234651,143.14305224624897,80.19634147279011,Good to Excellent,A,A-I,Non Polluted,summer
2025-04-17 01:33:01.373278,8.114760451982603,3.620819817652369,5.750741532574338,399.13591234827584,29.01102057251237,425.87861175986717,5.77960418303013,1554.3158252565609,68.80929049642917,Good to Excellent,A,A-I,Non Polluted,summer
2025-04-18 06:45:01.373278,8.633895963758967,25.555599316432723,1.2879410917349596,25764.087598465936,32.99909925078251,1655.7005188097523,44.67111699058889,119672.51488064851,21.82335242687778,Bad to Very Bad,E,A-IV,Heavily Polluted,summer
2025-04-19 11:57:01.373278,8.476872876150042,28.78606318105993,1.0669830791056967,13443.30690129948,27.996908381691664,1628.371189234299,66.49490062412615,91267.85120970714,21.49292987686932,Bad to Very Bad,E,A-IV,Heavily Polluted,summer
2025-04-20 17:09:01.373278,8.280202105539326,3.771718880464548,3.9115798580500956,447.1556163972078,23.06733800276042,881.8966884804524,15.515360702725914,3784.891396863879,54.86020384349372,Medium to Good,B,Not Prescribed,Non Polluted,summer
2025-04-21 22:21:01.373278,8.42293552918782,5.8559708159412285,2.865945739734255,2362.3662206668946,38.97212584429433,874.619132150756,19.256758394792595,17205.019599322663,47.68170782285017,Bad,C,A-II,Polluted,summer
2025-04-23 03:33:01.373278,7.617256901456135,3.067812426179297,3.600762935385856,57.11469530649105,39.76774048409182,576.228484419357,9.68439582807636,376.7826866608033,72.48810166948095,Good to Excellent,A,A-I,Non Polluted,summer
2025-04-24 08:45:01.373278,7.082056986166012,2.2855743408329032,4.602258458487411,15.717122484002724,32.140407882563935,539.282159251365,8.464877661457816,112.27562893760037,81.63821223255076,Good to Excellent,A,A-I,Non Polluted,summer
2025-04-25 13:57:01.373278,7.4899867352976175,14.701725120420713,2.3898305237256805,9031.064784711814,33.06373600885741,1228.7737198309817,24.349204468998288,27919.319042134233,40.152840805764136,Bad,C,A-II,Polluted,summer
2025-04-26 19:09:01.373278,7.531628983916495,2.2436135304068068,4.89601506182826,184.33399362107622,33.59017427766908,372.1919034621837,2.532848643770705,1169.3495083542812,76.11051513032409,Good to Excellent,A,A-I,Non Polluted,summer
2025-04-28 00:21:01.373278,7.4179436426851435,4.681198240105159,2.707782646384167,933.0237342382918,38.81617566202214,784.3741796212081,12.140787823332264,9278.401367760523,55.105493860668915,Medium to Good,B,Not Prescribed,Non Polluted,summer
2025-04-29 05:33:01.373278,7.836406139885642,3.206838358774151,4.9350403779673195,16080.241670426036,24.31984628324621,655.342235674162,5.105891645393575,58196.37293446792,60.34149858579122,Medium to Good,B,Not Prescribed,Non Polluted,summer
2025-04-30 10:45:01.373278,8.046154494644542,3.0633004498777674,5.09367053422202,204.25261939076623,39.8438888059641,524.7765318069283,5.694113862780991,1355.1603162904469,70.38566343785476,Good to Excellent,A,A-I,Non Polluted,summer
2025-05-01 15:57:01.373278,7.315661542259513,5.473212597358342,2.8916664685562874,838.5718146737956,38.46209941580654,740.5437412606633,12.771654345770571,4251.177409006334,56.33346137398269,Medium to Good,B,Not Prescribed,Non Polluted,summer
2025-05-02 21:09:01.373278,8.077550135811265,4.0662339102932,3.424824033212486,5229.114417902442,32.92839495166134,860.1054158898273,16.35635838544628,35450.2220889741,52.93618940795842,Medium to Good,B,Not Prescribed,Non Polluted,summer
2025-05-04 02:21:01.373278,7.235719173739275,12.414454981256268,2.0636325933904316,59988.07258516315,31.08399506904017,1802.0954114464275,47.841584121676206,317439.5460315152,35.76040515222863,Bad to Very Bad,D,A-III,Heavily Polluted,summer
2025-05-05 07:33:01.373278,8.139992563222354,2.4055718871671434,5.160340608964254,231.56191061692084,25.803159606237934,384.62519598004315,8.042383810659478,1630.7308251770169,68.38740961815674,Good to Excellent,A,A-I,Non Polluted,summer
2025-05-06 12:45:01.373278,7.548313739884774,2.610033422815386,4.767282793366522,30.65017166083656,30.67794809867968,399.25617853056406,6.4440320146584105,274.7929339070715,78.67668646275546,Good to Excellent,A,A-I,Non Polluted,summer
2025-05-07 17:57:01.373278,7.332742572213929,4.8776084088579,3.7919239778221696,188.16225118618192,36.19131305177616,1076.8684650611467,19.685240331414143,1077.8370101314786,67.47816987069474,Good to Excellent,A,A-I,Non Polluted,summer
2025-05-08 23:09:01.373278,7.10119580842889,30.221573211813446,0.9840328349041,123646.62748166137,40.0,2016.0297130433084,66.14665024112666,1050871.5107745351,26.369116800898475,Bad to Very Bad,D,A-III,Heavily Polluted,summer
2025-05-10 04:21:01.373278,7.025648917407677,3.3968039784853756,4.172310303580156,203.50891810216999,38.939563151935644,406.3787423843412,1.8239825664168974,626.0949408601176,72.58264762028752,Good to Excellent,A,A-I,Non Polluted,summer
2025-05-11 09:33:01.373278,7.88348751191414,22.8377306201434,1.0518033956047044,361790.3029127885,29.462060240613294,1895.863610655971,92.15130594773392,2927025.719491893,24.4883361543271,Bad to Very Bad,E,A-IV,Heavily Polluted,summer
2025-05-12 14:45:01.373278,7.790001853248271,5.126766501868346,1.5827362872146227,26164.100926450006,36.90738183357679,1057.0381698927017,35.596512496483975,104412.60848539158,39.11949351431222,Bad,C,A-II,Polluted,summer
2025-05-13 19:57:01.373278,8.321852832995496,9.346590084032245,2.0030902725330564,6469.33619719919,35.50453515868494,1377.6185605238122,32.985767406859054,55899.76540549619,34.96473696278954,Bad to Very Bad,D,A-III,Heavily Polluted,summer
2025-05-15 01:09:01.373278,7.667461093721185,2.920316218753983,4.6197888809282786,148.4280659708401,30.98368461506854,313.7247788979995,5.8010575241652464,721.2818323978462,71.56762691673899,Good to Excellent,A,A-I,Non Polluted,summer
2025-05-16 06:21:01.373278,7.634061830887686,2.6446006770875834,5.279735872610806,266.15531272070206,26.74768223950768,451.0847473501795,7.777033158496728,818.5658473378144,72.18001259432069,Good to Excellent,A,A-I,Non Polluted,summer
2025-05-17 11:33:01.373278,7.358712990077782,2.3445578831731226,5.466332464183556,260.466977094301,32.674951816376556,475.5125293908763,1.5,1063.7000491485135,76.55641313675451,Good to Excellent,A,A-I,Non Polluted,summer
2025-05-18 16:45:01.373278,7.587222077889129,3.0850659364796935,4.902251206837116,495.1521082208133,26.207747827948502,545.0639224748529,7.292541841890222,4901.897095383177,67.27841100990504,Good to Excellent,A,A-I,Non Polluted,summer
2025-05-19 21:57:01.373278,7.486636349336867,19.958904010518147,1.0144573549123805,146405.24109233028,38.596091177537154,1878.9349862607437,63.71152931651628,708338.6290157577,28.337351381889302,Bad to Very Bad,D,A-III,Heavily Polluted,summer
2025-05-21 03:09:01.373278,8.414757665798978,3.005608305819438,4.291277515782215,200.48146993301984,30.039699623020702,448.08808747256904,5.981448051242493,754.1646406745967,62.90170309112624,Medium to Good,B,Not Prescribed,Non Polluted,summer
2025-05-22 08:21:01.373278,7.40025524747465,6.326635595026352,2.883753652117739,2715.964786906419,30.963093507041076,901.5672870638782,20.173452459735483,6675.042364910668,50.545187305344605,Medium to Good,B,Not Prescribed,Non Polluted,summer
2025-05-23 13:33:01.373278,7.606806613301893,3.0841080186009555,5.771207219274411,232.08516395799515,25.67157209892698,364.55157738224045,6.051482417121029,1200.4370695999655,74.63662916191123,Good to Excellent,A,A-I,Non Polluted,summer
2025-05-24 18:45:01.373278,7.709937509373552,15.157550142847862,1.5981087379960877,20783.503522522886,36.85771446885554,1050.3104917170185,55.10914774567122,93788.89025911987,32.22033662442211,Bad to Very Bad,D,A-III,Heavily Polluted,summer
2025-05-25 23:57:01.373278,7.650541320986257,2.502955135656739,4.648007523511908,141.56886107156978,34.930094986436735,560.748984487495,5.547803061114308,931.5825813154212,74.94399341105665,Good to Excellent,A,A-I,Non Polluted,summer
2025-05-27 05:09:01.373278,7.133028334959955,2.7518395714048394,4.730418283644946,193.34073162455385,28.649566956739715,401.19187589048937,9.42111327116709,869.2959697253111,72.2083177362456,Good to Excellent,A,A-I,Non Polluted,summer
2025-05-28 10:21:01.373278,7.733382886820947,1.6580129080675707,6.656583362301762,127.56225409498147,30.219881120687905,381.1679000318981,7.252734074398218,846.3978142296137,74.02951911526218,Good to Excellent,A,A-I,Non Polluted,summer
2025-05-29 15:33:01.373278,8.320376723875908,10.22181350695296,1.7456539698924698,447419.27308937174,32.04228637348967,1255.1290657515253,27.467057875330386,1081462.9731424658,27.41538878453762,Bad to Very Bad,D,A-III,Heavily Polluted,summer
2025-05-30 20:45:01.373278,8.062407286816978,3.5247525874858843,4.126370069686728,126.61967675703816,38.14949070928795,479.2676479112333,4.931674515613361,760.8577140002117,69.45930073809099,Good to Excellent,A,A-I,Non Polluted,summer
2025-06-01 01:57:01.373278,7.7687090028336945,3.4791408760490596,4.538090612728448,139.8478421013657,31.108005239104404,458.0232513090666,5.410607425760575,1004.8652031281903,69.87414247072236,Good to Excellent,A,A-I,Non Polluted,summer
2025-06-02 07:09:01.373278,7.7091875522531055,2.4725898683011502,4.196929179628051,34.76629785015158,37.22212863446075,498.48169076012834,9.279550590641572,119.38745181113063,77.29661045642946,Good to Excellent,A,A-I,Non Polluted,summer
2025-06-03 12:21:01.373278,7.3531088161732985,26.920108804665464,0.8906031191345903,32266.16072463861,27.907702478208865,1676.1917517748604,52.44994470340206,214306.02996200748,27.847938287734568,Bad to Very Bad,D,A-III,Heavily Polluted,summer
2025-06-04 17:33:01.373278,7.723851431214497,5.3799458369196245,2.1774156843199197,245.5301415475612,40.0,716.3345863950517,18.942113576837308,1256.5414407664334,52.791752629849384,Medium to Good,B,Not Prescribed,Non Polluted,summer
2025-06-05 22:45:01.373278,6.084886923335139,18.377352469415776,2.223673932233736,7381.521937683043,32.54575616257949,1032.8959837656503,49.60976382768907,35835.020116885695,31.09687227179165,Bad to Very Bad,D,A-III,Heavily Polluted,summer
2025-06-07 03:57:01.373278,7.4884580016526705,4.87452670622289,3.2941342346932307,7706.923163830815,39.07832214485169,779.3744037833386,18.01303592927169,55734.48288325128,57.406423536510715,Medium to Good,B,Not Prescribed,Non Polluted,summer
2025-06-08 09:09:01.373278,7.257356294222377,4.453533344757567,4.51599318711717,129.5674169053727,39.1971195083442,537.9303714351515,6.663722682163511,922.4933045679954,76.92623192838556,Good to Excellent,A,A-I,Non Polluted,summer
2025-06-09 14:21:01.373278,8.506063071188327,4.614615702644383,3.8271832622910016,704.470758492217,40.0,839.1748687017531,17.850424889891887,5223.5792738145565,58.41447952471694,Medium to Good,B,Not Prescribed,Non Polluted,summer
2025-06-10 19:33:01.373278,7.437262550875509,2.837967061113413,5.802377052242734,19.11691574343184,28.764351624234997,325.74391408949526,4.343310415127958,78.61217359654525,84.03673068533445,Good to Excellent,A,A-I,Non Polluted,summer
2025-06-12 00:45:01.373278,8.378838488926602,6.460438171273538,3.326810587129595,6399.785810195969,25.141248393100472,1132.7500283814989,13.761480811289797,31998.70322837002,43.98963927207252,Bad,C,A-II,Polluted,summer
2025-06-13 05:57:01.373278,7.535328074752643,4.462271103081588,4.511359784606034,2334.0397374827157,37.94455401714062,571.6970987249048,17.223751308016,10427.909412079462,67.46713462078303,Good to Excellent,A,A-I,Non Polluted,summer
2025-06-14 11:09:01.373278,7.885378261774922,4.3575518587184,4.859611274255147,1459.2742577160673,29.97167625631966,466.2235092863301,18.92666605395952,9899.023751980789,63.191380986964155,Good to Excellent,A,A-I,Non Polluted,summer
2025-06-15 16:21:01.373278,7.2438982906614875,3.1022682302477795,5.747901565708699,25.440030740987584,29.187647185304105,358.16135292101274,8.469353389649092,158.4267693727136,83.91156873112243,Good to Excellent,A,A-I,Non Polluted,summer
2025-06-16 21:33:01.373278,7.713614505892695,2.4949595586035396,4.148330524015525,46.061270080166665,27.284756637318186,379.01717041194513,7.649652968923724,244.6800536118315,70.73922948201276,Good to Excellent,A,A-I,Non Polluted,summer
2025-06-18 02:45:01.373278,7.7450605812582936,13.171161510476091,1.7991140872458993,2858.3475903794183,34.804086267046436,1238.5269696946093,24.2212542467245,19607.63632244819,34.87028490449185,Bad to Very Bad,D,A-III,Heavily Polluted,summer
2025-06-19 07:57:01.373278,7.382961978148873,13.683261763776507,2.1448546478488,4370.033239896393,32.93532472389845,868.5307075981559,47.26026472487421,17981.847265858443,40.042102577865165,Bad,C,A-II,Polluted,summer
2025-06-20 13:09:01.373278,7.444072135041051,3.803027942258374,4.939005581993876,37.140586544630956,33.47600831983157,466.6561175765993,5.233627321269533,364.87940351951437,80.02048666599364,Good to Excellent,A,A-I,Non Polluted,summer
2025-06-21 18:21:01.373278,7.475836411752766,2.8757856235883814,3.190039532290715,83.37622385141007,40.0,321.01438770762354,5.333012813060472,318.1477073976334,69.31663720812139,Good to Excellent,A,A-I,Non Polluted,summer
2025-06-22 23:33:01.373278,8.117297155837212,16.60959207442713,2.0676724930199897,3132.6266870469253,36.81419886969145,1632.585536498553,39.077304861680986,17536.041345026013,35.429035015086555,Bad to Very Bad,D,A-III,Heavily Polluted,summer
2025-06-24 04:45:01.373278,7.467014452818905,13.66032947138099,2.5737924030649117,21505.908419239724,27.84385749186722,1303.0429291809269,44.67423631111195,221358.0723820256,39.421009133429635,Bad,C,A-II,Polluted,summer
2025-06-25 09:57:01.373278,7.845249662594461,23.7299223337665,1.1064887886695447,1102393.1795426204,36.638646137500345,2475.8683235129556,64.6194063885075,11220787.372019667,25.3138099437427,Bad to Very Bad,D,A-III,Heavily Polluted,summer
2025-06-26 15:09:01.373278,7.587461930600326,3.023143945185752,5.908522369787621,274.04955666270087,32.302077912276594,278.5812679777816,3.1239563108062494,964.4323610620665,72.52076298794478,Good to Excellent,A,A-I,Non Polluted,summer
2025-06-27 20:21:01.373278,8.190131602800358,5.654519541216635,4.452257883573636,257.51477504893114,27.030044971064562,705.8487555537969,13.690811147235056,1448.0189634897076,59.62543611498975,Medium to Good,B,Not Prescribed,Non Polluted,summer
2025-06-29 01:33:01.373278,7.481315259262599,2.071295723232803,5.38889925534742,19.978818635544137,27.52094411931266,258.0202223504925,6.914242554141747,106.8487967733337,83.43648867924556,Good to Excellent,A,A-I,Non Polluted,summer
2025-06-30 06:45:01.373278,8.708227160508176,6.84659198737466,4.06223880498225,1398.962631324537,26.30858934571145,913.9457808402824,18.869684029549227,13922.614978574962,47.66756971766005,Bad,C,A-II,Polluted,summer
2025-07-01 11:57:01.373278,7.461035142356663,3.2932718842694393,4.3880215237383275,37.18050896011295,28.076247233736172,426.9133878042754,4.144327289847393,368.0440195262071,73.9018767061219,Good to Excellent,A,A-I,Non Polluted,summer
2025-07-02 17:09:01.373278,8.011166620565584,2.382522193153017,4.117356691356418,123.52037129734146,34.19854614615781,364.00081303100245,8.073720137470314,534.6737020292668,68.94878469599718,Good to Excellent,A,A-I,Non Polluted,summer
2025-07-03 22:21:01.373278,8.105942641744681,2.951038845391764,4.532502420318205,64.57550749593103,31.331175865896775,393.6600097132768,5.361660444638422,478.48053526609493,70.94634207051634,Good to Excellent,A,A-I,Non Polluted,summer
2025-07-05 03:33:01.373278,7.408154757437874,5.988825335315278,2.8932606781622936,4081.4513250849473,33.949614209061906,748.4551152293859,24.18814775842619,21966.344694917057,51.716852573662294,Medium to Good,B,Not Prescribed,Non Polluted,summer
2025-07-06 08:45:01.373278,6.969328508450055,5.412508512395996,3.3695217078492377,2003.4479559629974,29.958311651729336,699.7731362916137,12.120077527550869,8175.2986562569,53.735914213852254,Medium to Good,B,Not Prescribed,Non Polluted,summer
2025-07-07 13:57:01.373278,7.4711123187406185,4.388031002120891,2.8744201728295744,4083.2886806059173,40.0,957.789528905244,21.72344434474725,21168.41161110025,55.928867378004725,Medium to Good,B,Not Prescribed,Non Polluted,summer
2025-07-08 19:09:01.373278,8.249878197039006,11.986611210828015,1.8916178704467779,9363.834468353883,32.43265066017307,1324.3815583849198,40.708529212632214,86051.92440363343,30.753308111661962,Bad to Very Bad,D,A-III,Heavily Polluted,summer
2025-07-10 00:21:01.373278,7.652902442191386,13.166616222674998,2.4539922325278694,75409.181018362,26.674160222877767,1090.520288061059,43.85848427151474,311447.9310615045,36.07309317346267,Bad to Very Bad,D,A-III,Heavily Polluted,summer
2025-07-11 05:33:01.373278,7.537961703316511,5.433800632488754,3.330070860821263,1836.6447730948603,24.8340812056835,792.028930686001,17.484470917801616,7127.300317088188,51.97323911563673,Medium to Good,B,Not Prescribed,Non Polluted,summer
2025-07-12 10:45:01.373278,7.928291196968234,29.07953115157014,0.6960028298127064,23299.82690387208,40.0,1860.3711437325346,67.23318294018148,70253.69722862505,23.821988151369073,Bad to Very Bad,E,A-IV,Heavily Polluted,summer
2025-07-13 15:57:01.373278,8.54804464609712,5.096566259678365,2.5279278761994015,254.13065144663395,40.0,621.2649626063115,16.389776253937733,1239.760238350135,50.438889276041785,Medium to Good,B,Not Prescribed,Non Polluted,summer
2025-07-14 21:09:01.373278,7.070657632816679,2.8245747881437886,3.93407754732847,44.154351025085724,39.900243296681865,440.2363121161842,8.362939039107978,290.3775944006825,77.39102380083736,Good to Excellent,A,A-I,Non Polluted,summer
2025-07-16 02:21:01.373278,7.66931126153678,24.30140820311188,1.0641691078309288,131409.8772271191,30.423448262746177,1888.1694945843526,59.40505439955562,878933.8005034111,25.66485998918209,Bad to Very Bad,D,A-III,Heavily Polluted,summer
2025-07-17 07:33:01.373278,7.515886610193066,2.238676444436533,3.1343982574111706,34.67145708624609,37.297680327670754,364.8980831257637,8.051936321792809,214.44582251626844,70.92800931037135,Good to Excellent,A,A-I,Non Polluted,summer
2025-07-18 12:45:01.373278,7.245856966017836,4.12461245916518,3.7122510282802934,17957.1859276446,32.521745513612686,1068.3207904369738,15.482253089257346,74800.60155490953,58.80660525481491,Medium to Good,B,Not Prescribed,Non Polluted,summer
2025-07-19 17:57:01.373278,8.479302682673156,2.934378560153725,4.300127784279701,23.35805387168094,33.25812976882415,437.0449366120247,10.561907234698298,123.49638610821003,71.28673774653949,Good to Excellent,A,A-I,Non Polluted,summer
2025-07-20 23:09:01.373278,7.779830946848489,3.5728302543324597,3.4974660344135993,1790.5765983706676,34.49573812190677,903.2353393700749,18.08961613154738,6253.080512895004,57.78775070319365,Medium to Good,B,Not Prescribed,Non Polluted,summer
2025-07-22 04:21:01.373278,7.772869564501332,4.492560432813234,3.0708782136810786,631.440350491421,29.978062566476535,1094.9855399125693,16.09759329937525,5826.913819910119,53.38919595045168,Medium to Good,B,Not Prescribed,Non Polluted,summer
2025-07-23 09:33:01.373278,7.8042108507367125,2.837992807529279,4.933432318161453,816.9852816678234,40.0,433.0117608652504,7.1737847293908965,3587.60078479571,68.39525977616458,Good to Excellent,A,A-I,Non Polluted,summer
2025-07-24 14:45:01.373278,7.675018988551865,6.565030570309015,2.453003075516584,933.1471639484763,37.45748112436109,715.250786421378,15.987795285081289,7743.535995218247,48.40410536230954,Bad,C,A-II,Polluted,summer
2025-07-25 19:57:01.373278,8.953460976705783,16.78908420945071,1.887995713573894,36282.44173865064,33.172620278279865,1659.7520974287347,30.849599661029018,256511.1918142595,23.821090670264155,Bad to Very Bad,E,A-IV,Heavily Polluted,summer
2025-07-27 01:09:01.373278,8.08096659954087,3.729195582285874,3.4133857131166963,48.87431228155642,26.418519174003144,429.1177978285233,2.4679395609714554,308.9238358244453,61.582015662572644,Medium to Good,B,Not Prescribed,Non Polluted,summer
2025-07-28 06:21:01.373278,8.5,3.3706136329580043,4.9315118532679225,163.5619502423882,32.63934868771845,478.36310157690804,5.235111615872043,824.1604162344887,68.27953777977771,Good to Excellent,A,A-I,Non Polluted,summer
2025-07-29 11:33:01.373278,7.740968507175086,2.3718852249249975,6.1578495318734205,72.99884391515329,38.86587620265261,433.3074527886065,9.767169664818116,574.8723852649248,72.68769402251543,Good to Excellent,A,A-I,Non Polluted,summer
2025-07-30 16:45:01.373278,7.09914471909373,10.282913226987073,1.8096518905838581,136459.02442299447,39.39300892290821,794.5411862636439,36.99765728978031,1162607.338004086,34.56996275933572,Bad to Very Bad,D,A-III,Heavily Polluted,summer
2025-07-31 21:57:01.373278,8.22701907627102,16.354508244685622,1.830625610334061,23260.313310433892,30.38286475371458,1106.6124163575537,38.45364628257184,127989.64093947031,28.531188720820392,Bad to Very Bad,D,A-III,Heavily Polluted,summer
2025-08-02 03:09:01.373278,8.308175025573771,12.65911919644231,1.8872595024713872,1546.3975747896254,23.4847481398711,1634.6916010225782,31.337685177127845,12507.333920541507,30.85950794846924,Bad to Very Bad,D,A-III,Heavily Polluted,summer
2025-08-03 08:21:01.373278,8.363291956697807,2.6623174012212654,4.31124444677036,119.34943873838303,30.134085428336224,617.1867092123309,9.631641188188226,927.354908733105,65.55240069242262,Good to Excellent,A,A-I,Non Polluted,summer
2025-08-04 13:33:01.373278,8.229765507598747,2.8930685924592865,5.829624633401739,99.34405644664912,26.011606254307605,538.9631652348764,7.563397467979721,433.7432459933793,73.5471358923803,Good to Excellent,A,A-I,Non Polluted,summer
2025-08-05 18:45:01.373278,7.64901286027513,2.096271077456095,4.175769925081534,120.4607930435613,28.13613377870119,377.97824709666804,6.290687870441797,900.9116182338007,69.13651509832258,Good to Excellent,A,A-I,Non Polluted,summer
2025-08-06 23:57:01.373278,7.26283267199038,2.032585421444776,5.969905901737279,255.7041178469225,24.160618133722615,397.8405208275556,7.062286505383121,936.1318952670473,77.94713083646724,Good to Excellent,A,A-I,Non Polluted,summer
2025-08-08 05:09:01.373278,8.461070905774044,5.287141557153911,4.045825964561348,745.9678938354434,22.172399600199427,1047.9015294924432,12.677924926323051,5476.120559241102,50.45836972484841,Medium to Good,B,Not Prescribed,Non Polluted,summer
2025-08-09 10:21:01.373278,8.228128801022397,33.80451713072267,0.5383771920181045,36952.315142497326,39.821668925668654,2019.0139985294913,80.06757038577413,222627.69315583832,20.48520222355818,Bad to Very Bad,E,A-IV,Heavily Polluted,summer
2025-08-10 15:33:01.373278,7.498316188029377,2.8992987405717416,4.448812756461744,19.389853900146502,30.07154087759729,574.6125952964625,6.618346931120993,73.62986798435334,77.66870009026199,Good to Excellent,A,A-I,Non Polluted,summer
2025-08-11 20:45:01.373278,7.893216731383616,22.676461352060187,1.405907469761311,89668.67785178739,39.43101397056543,1477.0571558150198,85.58134434421754,657804.5229250126,27.394722763576297,Bad to Very Bad,D,A-III,Heavily Polluted,summer
2025-08-13 01:57:01.373278,7.765906857742615,2.5158467485141305,4.899703991179955,183.41014035574722,33.06361173050144,460.02131321963367,8.52449181530581,1123.5521970066247,73.91470669598712,Good to Excellent,A,A-I,Non Polluted,summer
2025-08-14 07:09:01.373278,6.825939503231889,26.31230599313879,1.0083886263961999,349200.0463391893,28.01917720025191,2102.6196974750774,90.30418164320149,2601654.7271516556,24.38549620959871,Bad to Very Bad,E,A-IV,Heavily Polluted,summer
2025-08-15 12:21:01.373278,7.674294450232522,2.539472099261908,3.729302253406186,60.64256664995991,39.17164062215707,425.74297684932344,3.855654086719983,331.93855545634335,73.27066675316789,Good to Excellent,A,A-I,Non Polluted,summer
2025-08-16 17:33:01.373278,8.41103209969782,26.372943153392026,1.4507739574379979,363801.7105574348,27.095636973431013,1620.4716479234044,73.39339422136914,2176822.4780463115,21.44992204058885,Bad to Very Bad,E,A-IV,Heavily Polluted,summer
2025-08-17 22:45:01.373278,7.784542694988247,1.943050543647211,5.619849436382027,231.06733491629734,32.7728028610642,365.41805002749874,6.840405649227078,841.2883438090043,74.08363825784693,Good to Excellent,A,A-I,Non Polluted,summer
2025-08-19 03:57:01.373278,6.925347778039947,24.806284941142945,1.0228199536073665,131807.63973664137,37.37661464868925,1971.3266563123775,79.88036220858427,898926.5575990031,26.216510745013093,Bad to Very Bad,D,A-III,Heavily Polluted,summer
2025-08-20 09:09:01.373278,7.535936587937889,2.3613765537394804,5.022017773819297,62.92267666274007,30.962496677996594,551.3189803306038,7.450499858011668,481.9206964682601,78.62507328742467,Good to Excellent,A,A-I,Non Polluted,summer
2025-08-21 14:21:01.373278,7.009726756393606,3.034784817969398,6.526336291560412,437.4373756438291,25.043634553929515,369.94071196958623,8.568453348009525,1626.2805588147396,71.90984140963624,Good to Excellent,A,A-I,Non Polluted,summer
2025-08-22 19:33:01.373278,7.294791162915138,3.890000985804791,3.4766539043593747,124.80180808996867,33.02794205532279,926.7449530259197,11.456100964365584,1093.268243161276,66.70804149465935,Good to Excellent,A,A-I,Non Polluted,summer
2025-08-24 00:45:01.373278,7.988108411778347,2.9983750038909904,4.112663389391221,160.54546422648588,33.70226565502607,412.02489005566423,5.406325508479071,844.1295105704946,67.12660212947792,Good to Excellent,A,A-I,Non Polluted,summer
2025-08-25 05:57:01.373278,8.00490895422348,8.618777761203019,2.8771762517342685,6806.733556503982,36.015357815130315,832.9904324799722,17.09419011084517,48855.98870087356,44.53264738557544,Bad,C,A-II,Polluted,summer
2025-08-26 11:09:01.373278,7.99468821660163,16.53967467589314,0.5984987854036067,88290.13364493995,36.9598866741783,2265.7217022207565,66.45180130538598,476170.4676541876,24.458001864208768,Bad to Very Bad,E,A-IV,Heavily Polluted,summer
2025-08-27 16:21:01.373278,8.242181234791014,4.154607713368497,3.8323329828285138,330.7074827835709,31.719030053176567,796.0242836739676,18.241432508192588,2689.9222856592246,58.642356655160526,Medium to Good,B,Not Prescribed,Non Polluted,summer
2025-08-28 21:33:01.373278,8.284647206438438,14.044596485393345,2.3548294113971977,223229.09918543583,24.783172846118877,1782.4851677700537,32.68142472905283,2176758.2855450064,28.03569668943968,Bad to Very Bad,D,A-III,Heavily Polluted,summer
2025-08-30 02:45:01.373278,7.51973612776256,2.5784750222690245,5.491341583943332,341.80484456446,34.26648834898337,398.0331711034495,13.722700125631338,2346.252429477108,73.60854653440121,Good to Excellent,A,A-I,Non Polluted,summer
2025-08-31 07:57:01.373278,8.216671152103626,5.326442923109355,2.3145895889165793,978.4590299869086,39.37425293520592,703.6385176474613,12.227184674182732,4585.527840522056,46.00384746730788,Bad,C,A-II,Polluted,summer
2025-09-01 13:09:01.373278,7.90959822232106,4.825623754530925,3.444295664016479,6096.693972068103,34.66086883528566,595.826471120363,11.325497855670825,29117.363233854474,53.813548360733506,Medium to Good,B,Not Prescribed,Non Polluted,summer
2025-09-02 18:21:01.373278,8.18970508419858,14.785026406324839,2.309602901251658,1789.1657370401504,35.38047330881335,1745.0043154047382,45.66241384380879,11929.507818141576,37.23130063580723,Bad to Very Bad,D,A-III,Heavily Polluted,summer
2025-09-03 23:33:01.373278,8.5,3.3655710698495156,5.736683225085866,116.31718239023986,31.15611465776709,319.8038385300186,6.863230429588841,467.02339423758355,69.89725505468033,Good to Excellent,A,A-I,Non Polluted,summer
2025-09-05 04:45:01.373278,6.8657071650432595,4.5190476980891106,3.7413625021399097,3248.1551601642714,34.82112222912066,887.4353374337175,12.552349491986735,17421.772510613133,58.446345625271874,Medium to Good,B,Not Prescribed,Non Polluted,summer
2025-09-06 09:57:01.373278,8.177640410978395,3.093345067655134,3.7952419220797324,34.68590579267101,35.68527271793641,385.4703758822365,6.350839539792972,270.21993197177227,69.5192708182857,Good to Excellent,A,A-I,Non Polluted,summer
2025-09-07 15:09:01.373278,7.851364884879965,2.8194493720527904,5.001441158792116,43.76055628914148,35.849571396803135,416.0816953580799,7.71576066623952,385.7894303866792,78.7819341873316,Good to Excellent,A,A-I,Non Polluted,summer
2025-09-08 20:21:01.373278,8.343553255351443,3.7664244231079334,3.655815212137873,48.52944836013946,35.42418147934835,284.6677997198539,6.236811835673349,258.5685907243798,65.29493341249834,Good to Excellent,A,A-I,Non Polluted,summer
2025-09-10 01:33:01.373278,7.576109635208207,3.3233032221222576,4.293871365725987,14.814457765681102,38.40522058472155,495.4768134068222,11.507273284576666,68.66696440473001,81.31965651331109,Good to Excellent,A,A-I,Non Polluted,summer
2025-09-11 06:45:01.373278,7.950332843738726,1.8187907171499678,5.984029261981473,213.53155922558994,27.265376790338443,465.8206598466074,5.393909984566128,1885.1629538833863,74.11273176740798,Good to Excellent,A,A-I,Non Polluted,summer
2025-09-12 11:57:01.373278,7.732384286483634,4.0465008816883765,6.082286165783569,77.15545680636848,35.36032370821228,425.6875436943706,3.6746358659861764,712.5251032047357,72.36314113122945,Good to Excellent,A,A-I,Non Polluted,summer
2025-09-13 17:09:01.373278,9.151687659759775,14.073563203313965,2.362868541500394,16131.205432183591,29.573167720871524,1448.6254660704128,32.871167558030265,100819.33566437657,27.65091082885586,Bad to Very Bad,D,A-III,Heavily Polluted,summer
2025-09-14 22:21:01.373278,7.248669817018388,3.4247307086473384,4.2514083799718785,102.49122606484828,35.07651655801189,463.4416654117561,8.793158122630741,326.7757561945488,74.50785383917572,Good to Excellent,A,A-I,Non Polluted,summer
2025-09-16 03:33:01.373278,8.092151634126175,15.265083380558943,2.4159195307280625,1990.2775049543989,35.20345441206794,1911.7602799952206,34.20703584674701,11034.718045737247,38.370236075415484,Bad,C,A-II,Polluted,summer
2025-09-17 08:45:01.373278,7.962158237834074,2.384718093361044,5.823666922891105,148.9760519023389,33.92577336013781,244.05017349355194,8.089089596426625,1264.543388314453,72.53839862968228,Good to Excellent,A,A-I,Non Polluted,summer
2025-09-18 13:57:01.373278,8.299676531088826,2.813240871417388,4.634399086366689,60.67126402830913,29.904537734816714,316.1825399124874,9.080320047531986,189.66867164349728,69.96105706451159,Good to Excellent,A,A-I,Non Polluted,summer
2025-09-19 19:09:01.373278,7.652104149429972,5.2786880934989675,2.1537035859090428,2820.1083626198933,40.0,780.5081622348478,16.032861896894406,20206.685486536448,48.159394407258105,Bad,C,A-II,Polluted,summer
2025-09-21 00:21:01.373278,8.612209180304953,5.989731466202113,3.8860930574757235,1335.9366374220365,23.2000297640876,627.1756224617868,13.26801932354051,9509.973575436426,47.22246514396625,Bad,C,A-II,Polluted,summer
2025-09-22 05:33:01.373278,7.582321464727004,5.114475141437249,2.3883938113386636,1130.9693126361876,40.0,764.1773175134829,13.354810378500567,6391.057100634179,51.567965388819204,Medium to Good,B,Not Prescribed,Non Polluted,summer
2025-09-23 10:45:01.373278,8.627541802880769,5.146610337277261,2.6456406018351077,1248.5231551152885,32.14554182300022,945.7644515427243,20.52753431472898,14234.780475888267,43.58048120470003,Bad,C,A-II,Polluted,summer
2025-09-24 15:57:01.373278,7.269661866216373,2.806042644367506,5.59316003802037,37.69901916796448,27.99264483851359,353.5083025322641,8.383497710728742,226.09056586025056,83.1107570622391,Good to Excellent,A,A-I,Non Polluted,summer
2025-09-25 21:09:01.373278,8.20185918052496,7.356413569079665,3.519529939133688,210.8487642709997,29.053960158287612,477.6890155753176,14.664932681335229,1631.4279046777706,52.88470860540482,Medium to Good,B,Not Prescribed,Non Polluted,summer
2025-09-27 02:21:01.373278,8.143776703402525,5.770297060611925,3.28534721196525,834.0154276168468,28.598837036172114,983.6622433950347,13.356337748761966,5521.032952524042,49.249342128912176,Bad,C,A-II,Polluted,summer
2025-09-28 07:33:01.373278,7.977152786682988,3.344498525018311,3.4640727028211025,313.93259358309365,28.812022263778687,406.9225954768847,6.8740402153878755,1487.8057451250143,57.95708338121054,Medium to Good,B,Not Prescribed,Non Polluted,summer
2025-09-29 12:45:01.373278,8.017287504812517,12.850545007281992,1.798722152032264,30027.24840563765,31.472725305692308,1856.1848475586926,39.691272079759216,196879.3814628768,30.500194022733968,Bad to Very Bad,D,A-III,Heavily Polluted,summer
2025-09-30 17:57:01.373278,7.46344002917581,13.144576531779489,2.3263595089507536,167607.6491120751,30.622776835892434,1181.22406883278,26.5080188703505,1188049.0258990831,36.83897338873723,Bad to Very Bad,D,A-III,Heavily Polluted,summer
2025-10-01 23:09:01.373278,8.5,3.3234564625530614,3.728941507451707,56.07700974139859,29.237795077766606,327.9967191903904,5.72421235013156,550.5270547799073,62.003863148537405,Medium to Good,B,Not Prescribed,Non Polluted,summer
2025-10-03 04:21:01.373278,8.159188701593587,16.27529047274993,2.39835305940776,2462.1920555116694,26.514255510122297,1321.0284572098533,36.178238846139834,10430.237632211827,34.86211647870882,Bad to Very Bad,D,A-III,Heavily Polluted,summer
2025-10-04 09:33:01.373278,7.784547340973418,26.75353626931837,1.0280477344856982,80966.47817452351,30.800076898116362,2286.20623648686,68.74133651823998,248343.80372065053,24.867507971857595,Bad to Very Bad,E,A-IV,Heavily Polluted,summer
2025-10-05 14:45:01.373278,7.7332072976164055,7.307328576549402,3.386119263675913,12348.98129885045,26.223195200238152,695.8393034751364,19.478953078861277,122450.01083920574,47.208748805635594,Bad,C,A-II,Polluted,summer
2025-10-06 19:57:01.373278,7.088600393200605,2.3443788820517484,5.1622399586331,1246.3272903800448,39.46676764466819,414.199600095069,1.661741723848488,9181.252716080126,70.31528180570952,Good to Excellent,A,A-I,Non Polluted,summer
2025-10-08 01:09:01.373278,8.039837442917243,24.58652429458598,0.783524921934474,78456.53763847754,27.91498959926315,2391.835815737121,92.75117196300725,1077282.6884037475,22.6641247109813,Bad to Very Bad,E,A-IV,Heavily Polluted,summer
2025-10-09 06:21:01.373278,7.685884227647727,2.603901548031864,4.938037524611372,701.9658160378063,34.912043049459086,416.4912881560953,8.34794866833519,2616.078904223779,71.17874792125902,Good to Excellent,A,A-I,Non Polluted,summer
2025-10-10 11:33:01.373278,7.808511015954749,3.588337955394921,5.514110196118672,242.03450579091214,32.700670201865,379.07008660352903,5.403674242119703,1305.5914571504359,72.00173496223995,Good to Excellent,A,A-I,Non Polluted,summer
2025-10-11 16:45:01.373278,7.007931823023387,2.452836031913001,3.451575142042746,83.31410480948962,36.545093828415645,404.2204383722844,6.98353377976862,328.0540276025033,69.69350536472653,Good to Excellent,A,A-I,Non Polluted,summer
2025-10-12 21:57:01.373278,8.70254854770542,11.273243638464125,1.5943585017092934,12366.703313415352,37.62718914833133,1682.0720838104487,38.79667055755156,118719.16255561929,27.188478157211346,Bad to Very Bad,D,A-III,Heavily Polluted,summer
2025-10-14 03:09:01.373278,7.892128797175191,25.63698376191589,1.1624779689530647,268871.2513864384,28.8400097999456,2361.145774246033,66.87261053469581,2439898.269807787,24.137523257241117,Bad to Very Bad,E,A-IV,Heavily Polluted,summer
2025-10-15 08:21:01.373278,8.196502184099856,5.6434014309861045,3.567365532434636,5847.974924205071,27.97854195989991,850.4777078814091,21.897892421046496,35380.86742168761,48.85591421329996,Bad,C,A-II,Polluted,summer
2025-10-16 13:33:01.373278,8.109927111064982,22.352661327098563,1.3028029733212492,684563.3032896287,32.342050343711854,2490.0240853410883,86.59937963705927,1995754.759429741,24.288783638116065,Bad to Very Bad,E,A-IV,Heavily Polluted,summer
2025-10-17 18:45:01.373278,7.910244358442455,3.5903561455237343,4.609100053156377,127.79695904770801,34.1397499810227,408.33128381477917,7.429590538887931,497.10880090700556,71.34491735476578,Good to Excellent,A,A-I,Non Polluted,summer
2025-10-18 23:57:01.373278,7.481292364893638,2.9673454197772164,4.688485260954834,22.07529659866107,37.01487625299726,400.89284460418804,6.595158834305575,157.1131700469399,83.15532890093633,Good to Excellent,A,A-I,Non Polluted,summer
2025-10-20 05:09:01.373278,7.657248235481904,7.065912547018548,3.194209606080279,1177.5586862554967,32.377119523862994,586.4572950642815,18.999681856409428,7706.690935473364,51.290751259221786,Medium to Good,B,Not Prescribed,Non Polluted,summer
2025-10-21 10:21:01.373278,6.998307534976779,21.253926154964176,0.9067417477258221,34122.48858784602,34.21042927976493,1544.9681177063924,85.08242980459568,294529.8668109585,28.312919199091045,Bad to Very Bad,D,A-III,Heavily Polluted,summer
2025-10-22 15:33:01.373278,7.6630932435541395,5.175959940094474,3.536623003015072,605.3963795174969,25.81308319265081,675.823526276333,19.940481567939866,3109.5887411006106,54.80530259580031,Medium to Good,B,Not Prescribed,Non Polluted,summer
2025-10-23 20:45:01.373278,8.303709794390613,2.820482909898407,4.985689090607727,83.4738849906977,32.491821530301095,357.2696687307248,7.0419764293744,485.53219315630173,72.75559601302353,Good to Excellent,A,A-I,Non Polluted,summer
2025-10-25 01:57:01.373278,7.446034199264691,3.7506893478113414,6.185799750472358,403.4973275331622,36.80257351251633,507.45743138158514,10.21283103565267,1270.82593608475,68.2006929241715,Good to Excellent,A,A-I,Non Polluted,summer
2025-10-26 07:09:01.373278,7.415925658960287,3.235363515990329,5.315745137902889,37.57685653432143,30.162788982697613,555.6143003024761,2.8530145299008276,273.22137329448447,81.37741567007266,Good to Excellent,A,A-I,Non Polluted,summer
2025-10-27 12:21:01.373278,7.57943717854867,3.212207757303423,4.095263829142394,105.80313520782165,39.100926654338565,421.12839294522007,8.378177887262261,630.7987840328111,74.01718977847767,Good to Excellent,A,A-I,Non Polluted,summer
2025-10-28 17:33:01.373278,7.326033257284328,3.5093242981710286,5.404581995889417,41.50571849408322,28.805935863794225,568.5194754591796,4.650889561061367,391.7455992853712,81.03217609532079,Good to Excellent,A,A-I,Non Polluted,summer
2025-10-29 22:45:01.373278,7.36745064221304,26.484120716164345,1.2204158979380404,18353.22706117954,25.235453727102637,2107.3267092808405,59.13538654324179,117473.37305318675,29.375640331269636,Bad to Very Bad,D,A-III,Heavily Polluted,summer
2025-10-31 03:57:01.373278,6.946939559565938,6.428306067509585,2.8442691762322663,763.6838889157194,28.36175692247721,1249.218754683337,11.142031348119858,4422.387584784198,49.31991004910877,Bad,C,A-II,Polluted,summer
2025-11-01 09:09:01.373278,6.886581925989924,7.669484146484708,3.166415940729361,1099.1633686054697,40.0,805.1379226371046,17.378285424564307,5325.583109653367,53.82724830400821,Medium to Good,B,Not Prescribed,Non Polluted,summer
2025-11-02 14:21:01.373278,7.875453730177248,2.7045351696472424,4.727590892995007,207.26009433142409,34.11534644926566,386.43797405711547,3.6989552179385754,1935.186381206012,72.0110994325504,Good to Excellent,A,A-I,Non Polluted,summer
2025-11-03 19:33:01.373278,7.385418356019692,3.592342343051554,3.842270107097796,35.8013800987136,37.82905582733053,472.1194664706341,9.170690713474086,111.48032500182714,75.52957653484893,Good to Excellent,A,A-I,Non Polluted,summer
2025-11-05 00:45:01.373278,8.102025614983527,3.6349674663859837,3.2660518743138023,236.1713934054936,32.05293060836348,855.1929957877956,14.081679649383418,1248.9657906048576,57.64431902664488,Medium to Good,B,Not Prescribed,Non Polluted,summer
2025-11-06 05:57:01.373278,7.236032413869993,15.655709840949935,2.2541159297486093,79772.41859739671,33.25118318532203,847.328308522714,39.65733597389878,779099.6951850443,38.38757732438951,Bad,C,A-II,Polluted,summer
2025-11-07 11:09:01.373278,7.260803529936323,5.082465122155508,4.067483673754546,268.5620553951955,35.71322489680357,820.8107587440093,15.070449341347071,2035.225306744489,68.22741076367426,Good to Excellent,A,A-I,Non Polluted,summer
2025-11-08 16:21:01.373278,8.729347155339319,12.112085488341405,1.817311116882547,64420.26881057999,37.926588651284874,1388.5631946704862,32.55701011125081,368668.34544957627,26.262878429144735,Bad to Very Bad,D,A-III,Heavily Polluted,summer
2025-11-09 21:33:01.373278,7.283194652580068,9.582064983797348,2.1692755845887035,11759.839253936387,32.0139691379142,1459.0241675644618,28.0385882389968,50757.28816899635,41.20771142709024,Bad,C,A-II,Polluted,summer
2025-11-11 02:45:01.373278,8.169277564678644,3.970864069828613,4.194192106124916,94.1284834709437,38.40334939790656,373.4141737356474,4.757582041933976,831.4955760573696,69.81247713300164,Good to Excellent,A,A-I,Non Polluted,summer
2025-11-12 07:57:01.373278,7.859148506765719,2.5427368839673963,4.309012646477845,23.816314461878946,36.5691440104584,293.6212686593895,4.635677890269276,105.49182699835004,77.86281613912567,Good to Excellent,A,A-I,Non Polluted,summer
